{
    "embedding_model_name": "all-MiniLM-L6-v2",
    "best_model_name": "XGBoost",
    "best_threshold": 0.4,
    "feature_summary": {
        "cosine_dim": 1,
        "lexical_dim": 8,
        "abs_diff_dim": 384,
        "prod_dim": 384,
        "total_dim": 777
    },
    "test_metrics": {
        "accuracy": 0.8402384427020209,
        "precision": 0.7347193347193347,
        "recall": 0.8878504672897196,
        "f1": 0.8040589734255551,
        "roc_auc": 0.9269318093451888
    }
}